Age,DailyRate,DistanceFromHome,Education,EmployeeCount,EmployeeNumber,EnvironmentSatisfaction,HourlyRate,JobInvolvement,JobLevel,JobSatisfaction,MonthlyIncome,MonthlyRate,NumCompaniesWorked,PercentSalaryHike,PerformanceRating,RelationshipSatisfaction,StandardHours,StockOptionLevel,TotalWorkingYears,TrainingTimesLastYear,WorkLifeBalance,YearsAtCompany,YearsInCurrentRole,YearsSinceLastPromotion,YearsWithCurrManager,Income_Per_Year,Stability_Index,WorkPressure,Experience_Ratio,BusinessTravel_Travel_Frequently,BusinessTravel_Travel_Rarely,Department_Research & Development,Department_Sales,EducationField_Life Sciences,EducationField_Marketing,EducationField_Medical,EducationField_Other,EducationField_Technical Degree,Gender_Male,JobRole_Human Resources,JobRole_Laboratory Technician,JobRole_Manager,JobRole_Manufacturing Director,JobRole_Research Director,JobRole_Research Scientist,JobRole_Sales Executive,JobRole_Sales Representative,MaritalStatus_Married,MaritalStatus_Single,OverTime_Yes,Actual_Attrition,Attrition_Probability,Risk_Level,Recommendation
24,830,13,2,1,1495,4,78,3,1,2,2033,7103,1,13,3,3,80,1,1,2,3,1,0,0,0,1016.5,0.04,2,0.04,False,False,False,True,True,False,False,False,False,False,False,False,False,False,False,False,False,True,True,False,False,0,0.55528754,Medium,Monitor Employee
44,1117,2,1,1,1246,1,72,4,1,4,2011,19982,1,13,3,4,80,1,10,5,3,10,5,7,7,182.8181818181818,0.2222222222222222,4,0.2222222222222222,False,True,True,False,True,False,False,False,False,False,False,False,False,False,False,True,False,False,True,False,False,0,0.031271018,Low,Normal Retention Program
31,688,7,3,1,613,3,44,2,3,4,11557,25291,9,21,4,3,80,1,10,3,2,5,4,0,1,1926.1666666666667,0.15625,4,0.3125,False,True,False,True,True,False,False,False,False,True,False,False,True,False,False,False,False,False,False,False,False,0,0.13205582,Low,Normal Retention Program
44,1199,4,2,1,1288,3,92,4,5,1,19190,17477,1,14,3,4,80,2,26,4,2,25,9,14,13,738.0769230769231,0.5555555555555556,1,0.5777777777777777,False,True,True,False,True,False,False,False,False,True,False,False,True,False,False,False,False,False,False,False,False,0,0.0099500595,Low,Normal Retention Program
36,318,9,3,1,90,4,79,2,1,3,3388,21777,0,17,3,1,80,1,2,0,2,1,0,0,0,1694.0,0.02702702702702703,4,0.05405405405405406,False,True,True,False,False,False,True,False,False,True,False,False,False,False,False,True,False,False,True,False,True,1,0.09741496,Low,Normal Retention Program
40,448,16,3,1,1641,3,84,3,3,4,7945,19948,6,15,3,4,80,0,18,2,2,4,2,3,3,1589.0,0.0975609756097561,5,0.43902439024390244,False,True,True,False,True,False,False,False,False,False,False,False,False,True,False,False,False,False,False,True,True,0,0.1717707,Low,Normal Retention Program
52,319,3,3,1,543,4,39,2,3,3,7969,19609,2,14,3,3,80,0,28,4,3,5,4,0,4,1328.1666666666667,0.09433962264150944,4,0.5283018867924528,False,True,True,False,False,False,True,False,False,True,False,False,False,True,False,False,False,False,True,False,True,0,0.046347667,Low,Normal Retention Program
43,823,6,3,1,1866,1,81,2,5,3,19392,22539,7,13,3,4,80,0,21,2,3,16,12,6,14,1140.7058823529412,0.36363636363636365,3,0.4772727272727273,False,True,True,False,False,False,True,False,False,False,False,False,True,False,False,False,False,False,True,False,False,0,0.051275585,Low,Normal Retention Program
35,1370,27,4,1,1728,4,49,3,2,3,6883,5151,2,16,3,2,80,1,17,3,3,7,7,0,7,860.375,0.19444444444444445,3,0.4722222222222222,False,True,True,False,True,False,False,False,False,True,False,False,False,True,False,False,False,False,True,False,False,0,0.008393552,Low,Normal Retention Program
18,1431,14,3,1,1839,2,33,3,1,3,1514,8018,1,16,3,3,80,0,0,4,1,0,0,0,0,1514.0,0.0,3,0.0,False,False,True,False,False,False,True,False,False,False,False,False,False,False,False,True,False,False,False,True,False,0,0.5394011,Medium,Monitor Employee
34,678,19,3,1,1701,2,35,2,1,4,2929,20338,1,12,3,2,80,0,10,3,3,10,9,8,7,266.27272727272725,0.2857142857142857,4,0.2857142857142857,False,True,True,False,True,False,False,False,False,False,False,False,False,False,False,True,False,False,True,False,False,0,0.05912703,Low,Normal Retention Program
54,1082,2,4,1,1070,3,41,2,3,3,10686,8392,6,11,3,2,80,1,13,4,3,9,4,7,0,1068.6,0.16363636363636364,3,0.23636363636363636,False,True,False,True,True,False,False,False,False,False,False,False,False,False,False,False,True,False,True,False,False,0,0.17170522,Low,Normal Retention Program
35,138,2,3,1,269,2,37,3,2,2,4425,15986,5,11,3,4,80,0,10,5,3,6,2,1,2,632.1428571428571,0.16666666666666666,2,0.2777777777777778,True,False,True,False,False,False,True,False,False,False,False,True,False,False,False,False,False,False,False,True,False,0,0.13528469,Low,Normal Retention Program
31,196,29,4,1,1784,1,91,2,2,4,5468,13402,1,14,3,1,80,2,13,3,3,12,7,5,7,420.61538461538464,0.375,4,0.40625,False,True,False,True,False,True,False,False,False,False,False,False,False,False,False,False,True,False,True,False,False,0,0.09762619,Low,Normal Retention Program
51,968,6,2,1,1297,2,40,2,1,3,2838,4257,0,14,3,2,80,0,8,6,2,7,0,7,7,354.75,0.1346153846153846,3,0.15384615384615385,True,False,True,False,False,False,True,False,False,False,False,True,False,False,False,False,False,False,False,True,False,0,0.11293951,Low,Normal Retention Program
27,1220,5,3,1,434,3,85,3,1,2,2478,20938,1,12,3,2,80,0,4,2,2,4,3,1,2,495.6,0.14285714285714285,3,0.14285714285714285,False,True,True,False,True,False,False,False,False,False,False,False,False,False,False,True,False,False,False,True,True,0,0.299939,Low,Normal Retention Program
41,645,1,3,1,534,2,49,4,3,1,8392,19566,1,16,3,3,80,1,10,2,3,10,7,0,7,762.9090909090909,0.23809523809523808,1,0.23809523809523808,False,True,False,True,False,True,False,False,False,True,False,False,False,False,False,False,True,False,True,False,False,0,0.03015437,Low,Normal Retention Program
38,1327,2,2,1,361,4,39,2,2,4,5249,19682,3,18,3,4,80,1,13,0,3,8,7,7,5,583.2222222222222,0.20512820512820512,4,0.3333333333333333,False,False,False,True,True,False,False,False,False,True,False,False,False,False,False,False,True,False,True,False,False,0,0.027658958,Low,Normal Retention Program
30,946,2,3,1,833,3,52,2,2,4,6877,20234,5,24,4,2,80,0,12,4,2,0,0,0,0,6877.0,0.0,5,0.3870967741935484,False,True,True,False,False,False,True,False,False,False,False,False,False,True,False,False,False,False,False,True,True,0,0.2769632,Low,Normal Retention Program
35,287,1,4,1,2052,3,62,1,1,4,2977,8952,1,12,3,4,80,1,4,5,3,4,3,1,1,595.4,0.1111111111111111,4,0.1111111111111111,False,True,True,False,True,False,False,False,False,False,False,False,False,False,False,True,False,False,True,False,False,0,0.015071212,Low,Normal Retention Program
29,341,1,3,1,896,2,48,2,1,3,2800,23522,6,19,3,3,80,3,5,3,3,3,2,0,2,700.0,0.1,4,0.16666666666666666,False,True,False,True,False,False,True,False,False,False,False,False,False,False,False,False,False,True,False,False,True,1,0.3982277,Medium,Monitor Employee
31,330,22,4,1,1389,4,98,3,2,3,6179,21057,1,15,3,4,80,2,10,3,2,10,2,6,7,561.7272727272727,0.3125,4,0.3125,False,True,True,False,False,False,True,False,False,True,False,False,False,True,False,False,False,False,True,False,True,1,0.069038205,Low,Normal Retention Program
45,1457,7,3,1,1195,1,83,3,1,3,4477,20100,4,19,3,3,80,1,7,2,2,3,2,0,2,1119.25,0.06521739130434782,4,0.15217391304347827,False,True,True,False,False,False,True,False,False,False,False,False,False,False,False,True,False,False,True,False,True,0,0.032037172,Low,Normal Retention Program
40,1142,8,2,1,1552,4,72,3,2,4,4069,8841,3,18,3,3,80,0,8,2,3,2,2,2,2,1356.3333333333333,0.04878048780487805,5,0.1951219512195122,False,False,True,False,True,False,False,False,False,True,False,False,False,False,False,False,False,False,False,False,True,0,0.04986671,Low,Normal Retention Program
28,857,10,3,1,1097,3,59,3,2,3,3660,7909,3,13,3,4,80,0,10,4,4,8,7,1,7,406.6666666666667,0.27586206896551724,3,0.3448275862068966,False,True,True,False,False,False,False,True,False,False,False,False,False,False,False,True,False,False,False,True,False,0,0.024977766,Low,Normal Retention Program
25,891,4,2,1,527,2,99,2,2,4,4487,12090,1,11,3,2,80,0,5,3,3,5,4,1,3,747.8333333333334,0.19230769230769232,5,0.19230769230769232,False,True,False,True,True,False,False,False,False,False,False,False,False,False,False,False,True,False,False,True,True,0,0.22362213,Low,Normal Retention Program
42,855,12,3,1,1768,2,57,3,1,2,2766,8952,8,22,4,2,80,3,7,6,2,5,3,0,4,461.0,0.11627906976744186,2,0.16279069767441862,False,True,True,False,False,False,True,False,False,True,False,True,False,False,False,False,False,False,False,False,False,0,0.07511497,Low,Normal Retention Program
51,1150,8,4,1,179,1,53,1,3,4,10650,25150,2,15,3,4,80,0,18,2,3,4,2,0,3,2130.0,0.07692307692307693,4,0.34615384615384615,True,False,True,False,True,False,False,False,False,True,False,False,False,True,False,False,False,False,False,True,False,1,0.061361227,Low,Normal Retention Program
35,882,3,4,1,984,4,92,3,3,4,7823,6812,6,13,3,2,80,1,12,2,3,10,9,0,8,711.1818181818181,0.2777777777777778,4,0.3333333333333333,False,True,False,True,True,False,False,False,False,True,False,False,False,False,False,False,True,False,False,False,False,0,0.058767825,Low,Normal Retention Program
41,1360,12,3,1,58,2,49,3,5,3,19545,16280,1,12,3,4,80,0,23,0,3,22,15,15,8,849.7826086956521,0.5238095238095238,3,0.5476190476190477,False,True,True,False,False,False,False,False,True,False,False,False,False,False,True,False,False,False,True,False,False,1,0.015026416,Low,Normal Retention Program
35,819,18,5,1,1621,2,48,4,2,1,5208,26312,1,11,3,4,80,0,16,2,3,16,15,1,10,306.3529411764706,0.4444444444444444,1,0.4444444444444444,False,True,True,False,True,False,False,False,False,True,False,False,False,False,False,True,False,False,True,False,False,0,0.030095391,Low,Normal Retention Program
48,969,2,2,1,1258,4,76,4,1,2,2559,16620,5,11,3,3,80,0,7,4,2,1,0,0,0,1279.5,0.02040816326530612,2,0.14285714285714285,False,True,True,False,False,False,False,False,True,True,False,True,False,False,False,False,False,False,False,True,False,0,0.16542011,Low,Normal Retention Program
45,252,2,3,1,834,2,95,2,1,3,2274,6153,1,14,3,4,80,0,1,3,3,1,0,0,0,1137.0,0.021739130434782608,3,0.021739130434782608,False,True,True,False,True,False,False,False,False,False,False,False,False,False,False,True,False,False,False,True,False,0,0.077424504,Low,Normal Retention Program
49,174,8,4,1,1138,4,56,2,4,2,13120,11879,6,17,3,2,80,1,22,3,3,9,8,2,3,1312.0,0.18,2,0.44,False,True,False,True,False,False,False,False,True,True,False,False,False,False,False,False,True,False,True,False,False,0,0.05840172,Low,Normal Retention Program
34,546,10,3,1,934,2,83,3,1,2,2008,6896,1,14,3,2,80,2,1,3,3,1,0,1,0,1004.0,0.02857142857142857,2,0.02857142857142857,False,True,True,False,True,False,False,False,False,True,False,True,False,False,False,False,False,False,False,False,False,0,0.26727903,Low,Normal Retention Program
33,1076,3,3,1,702,1,70,3,1,1,3348,3164,1,11,3,1,80,0,10,3,3,10,8,9,7,304.3636363636364,0.29411764705882354,2,0.29411764705882354,True,False,True,False,True,False,False,False,False,True,False,False,False,False,False,True,False,False,False,True,True,1,0.8159607,High,Immediate HR Intervention
37,397,7,4,1,102,1,30,3,3,3,13664,25258,4,13,3,1,80,0,16,3,4,5,2,0,2,2277.3333333333335,0.13157894736842105,3,0.42105263157894735,False,True,True,False,False,False,True,False,False,True,False,False,False,False,True,False,False,False,False,True,False,0,0.043931846,Low,Normal Retention Program
27,954,9,3,1,1965,4,44,3,2,4,4105,5099,1,14,3,1,80,0,7,5,3,7,7,0,7,513.125,0.25,4,0.25,False,True,False,True,False,True,False,False,False,True,False,False,False,False,False,False,True,False,False,True,False,0,0.054402348,Low,Normal Retention Program
30,853,7,4,1,1224,3,49,3,2,3,3491,11309,1,13,3,1,80,3,10,4,2,10,7,8,9,317.3636363636364,0.3225806451612903,3,0.3225806451612903,False,True,True,False,True,False,False,False,False,True,False,True,False,False,False,False,False,False,False,False,False,0,0.10714335,Low,Normal Retention Program
31,335,9,2,1,991,3,46,2,1,1,2321,10322,0,22,4,1,80,0,4,0,3,3,2,1,2,580.25,0.09375,2,0.125,False,False,True,False,False,False,True,False,False,True,False,False,False,False,False,True,False,False,False,True,True,1,0.55367255,Medium,Monitor Employee
51,313,3,3,1,258,4,98,3,4,2,13734,7192,3,18,3,3,80,0,21,6,3,7,7,1,0,1716.75,0.1346153846153846,2,0.40384615384615385,False,True,True,False,False,False,True,False,False,False,False,False,False,False,False,False,False,False,False,True,False,0,0.013894027,Low,Normal Retention Program
24,477,24,3,1,1173,4,49,3,1,2,3597,6409,8,22,4,4,80,0,6,2,3,4,3,1,2,719.4,0.16,2,0.24,False,True,True,False,False,False,True,False,False,True,False,True,False,False,False,False,False,False,False,True,False,0,0.2704597,Low,Normal Retention Program
43,1034,16,3,1,327,4,80,3,4,4,16064,7744,5,22,4,3,80,1,22,3,3,17,13,1,9,892.4444444444445,0.38636363636363635,5,0.5,False,True,False,True,False,True,False,False,False,False,False,False,True,False,False,False,False,False,True,False,True,0,0.022233272,Low,Normal Retention Program
56,1443,11,5,1,1935,4,89,2,2,1,5380,20328,4,16,3,3,80,1,6,3,3,0,0,0,0,5380.0,0.0,1,0.10526315789473684,False,True,False,True,False,True,False,False,False,False,False,False,False,False,False,False,True,False,True,False,False,0,0.050753698,Low,Normal Retention Program
30,241,7,3,1,1609,2,48,2,1,2,2141,5348,1,12,3,2,80,1,6,3,2,6,4,1,1,305.85714285714283,0.1935483870967742,2,0.1935483870967742,False,True,True,False,False,False,True,False,False,True,False,False,False,False,False,True,False,False,True,False,False,0,0.042885818,Low,Normal Retention Program
34,1480,4,3,1,1882,3,64,3,3,4,9713,24444,2,13,3,4,80,3,9,3,3,5,3,1,0,1618.8333333333333,0.14285714285714285,5,0.2571428571428571,False,True,False,True,True,False,False,False,False,True,False,False,False,False,False,False,True,False,True,False,True,0,0.07091356,Low,Normal Retention Program
23,160,4,1,1,1735,3,51,3,1,2,3295,12862,1,13,3,3,80,0,3,3,1,3,2,1,2,823.75,0.125,2,0.125,False,True,True,False,False,False,True,False,False,False,False,True,False,False,False,False,False,False,False,True,False,0,0.2167524,Low,Normal Retention Program
35,146,2,4,1,1704,1,79,2,1,4,4930,13970,0,14,3,3,80,0,6,2,4,5,4,1,4,821.6666666666666,0.1388888888888889,5,0.16666666666666666,True,False,True,False,False,False,True,False,False,True,False,False,False,False,False,True,False,False,False,True,True,0,0.07913692,Low,Normal Retention Program
39,1431,1,4,1,332,3,96,3,1,3,2232,15417,7,14,3,3,80,3,7,1,3,3,2,1,2,558.0,0.075,3,0.175,False,True,True,False,False,False,True,False,False,False,False,True,False,False,False,False,False,False,False,False,False,0,0.03282183,Low,Normal Retention Program
28,304,9,4,1,498,2,92,3,2,4,5253,20750,1,16,3,4,80,0,7,1,3,7,5,0,7,656.625,0.2413793103448276,4,0.2413793103448276,False,True,False,True,True,False,False,False,False,True,False,False,False,False,False,False,True,False,False,True,False,0,0.0545881,Low,Normal Retention Program
33,430,7,3,1,1477,4,54,3,2,1,4373,17456,0,14,3,1,80,2,5,2,3,4,3,0,3,874.6,0.11764705882352941,1,0.14705882352941177,True,False,False,True,False,False,True,False,False,True,False,False,False,False,False,False,True,False,True,False,False,0,0.06987304,Low,Normal Retention Program
26,1096,6,3,1,1918,3,61,4,1,4,2544,7102,0,18,3,1,80,1,8,3,3,7,7,7,7,318.0,0.25925925925925924,4,0.2962962962962963,True,False,True,False,False,False,False,True,False,True,False,True,False,False,False,False,False,False,True,False,False,0,0.07617624,Low,Normal Retention Program
38,345,10,2,1,2041,1,100,3,2,4,5343,5982,1,11,3,3,80,1,10,1,3,10,7,1,9,485.72727272727275,0.2564102564102564,4,0.2564102564102564,False,True,False,True,True,False,False,False,False,False,False,False,False,False,False,False,True,False,True,False,False,0,0.0252167,Low,Normal Retention Program
35,1402,28,4,1,1554,2,98,2,1,3,2430,26204,0,23,4,1,80,2,6,5,3,5,3,4,2,405.0,0.1388888888888889,3,0.16666666666666666,False,True,False,True,True,False,False,False,False,False,False,False,False,False,False,False,False,True,True,False,False,0,0.053951077,Low,Normal Retention Program
35,1258,1,4,1,826,4,40,4,1,3,2506,13301,3,13,3,3,80,0,7,0,3,2,2,2,2,835.3333333333334,0.05555555555555555,3,0.19444444444444445,False,True,True,False,True,False,False,False,False,False,False,False,False,False,False,True,False,False,False,True,False,0,0.015342979,Low,Normal Retention Program
37,1225,10,2,1,715,4,80,4,1,4,4680,15232,3,17,3,1,80,0,4,2,3,1,0,0,0,2340.0,0.02631578947368421,4,0.10526315789473684,False,True,True,False,True,False,False,False,False,True,False,False,False,False,False,True,False,False,False,True,False,0,0.04570794,Low,Normal Retention Program
40,302,6,3,1,601,2,75,3,4,3,13237,20364,7,15,3,3,80,0,22,3,3,20,6,5,13,630.3333333333334,0.4878048780487805,3,0.5365853658536586,False,True,True,False,True,False,False,False,False,False,False,False,False,True,False,False,False,False,False,True,False,0,0.025590753,Low,Normal Retention Program
31,542,20,3,1,175,2,71,1,2,3,4559,24788,3,11,3,3,80,1,4,2,3,2,2,2,2,1519.6666666666667,0.0625,4,0.125,False,True,False,True,True,False,False,False,False,False,False,False,False,False,False,False,True,False,True,False,True,1,0.3354975,Medium,Monitor Employee
29,657,27,3,1,793,2,66,3,2,3,4335,25549,4,12,3,1,80,1,11,3,2,8,7,1,1,481.6666666666667,0.26666666666666666,3,0.36666666666666664,False,True,True,False,False,False,True,False,False,False,False,False,False,False,False,False,False,False,True,False,False,0,0.12548964,Low,Normal Retention Program
59,326,3,3,1,1254,3,48,2,2,4,5171,16490,5,17,3,4,80,0,13,2,3,6,1,0,5,738.7142857142857,0.1,4,0.21666666666666667,False,True,False,True,True,False,False,False,False,False,False,False,False,False,False,False,True,False,False,True,False,0,0.09911498,Low,Normal Retention Program
32,601,7,5,1,1446,4,97,3,2,4,9204,23343,4,12,3,3,80,1,7,3,2,4,3,0,3,1840.8,0.12121212121212122,4,0.21212121212121213,False,True,False,True,False,True,False,False,False,True,False,False,False,False,False,False,True,False,True,False,False,0,0.036883157,Low,Normal Retention Program
33,267,21,3,1,1698,2,79,4,1,2,2028,13637,1,18,3,4,80,3,14,6,3,14,11,2,13,135.2,0.4117647058823529,2,0.4117647058823529,False,True,True,False,False,False,True,False,False,True,False,True,False,False,False,False,False,False,True,False,False,0,0.080949776,Low,Normal Retention Program
27,894,9,3,1,260,4,99,3,1,2,2279,11781,1,16,3,4,80,0,7,2,2,7,7,0,3,284.875,0.25,2,0.25,False,True,True,False,False,False,True,False,False,False,False,False,False,False,False,True,False,False,False,True,False,0,0.04137234,Low,Normal Retention Program
43,343,9,3,1,1813,1,52,3,1,3,2438,24978,4,13,3,3,80,0,7,2,2,3,2,1,2,609.5,0.06818181818181818,3,0.1590909090909091,False,False,True,False,True,False,False,False,False,True,False,False,False,False,False,True,False,False,False,True,False,0,0.13276006,Low,Normal Retention Program
34,628,8,3,1,2068,2,82,4,2,3,4404,10228,2,12,3,1,80,0,6,3,4,4,3,1,2,880.8,0.11428571428571428,3,0.17142857142857143,False,True,True,False,False,False,True,False,False,True,False,True,False,False,False,False,False,False,True,False,False,0,0.045186676,Low,Normal Retention Program
37,1239,8,2,1,1794,3,89,3,2,2,4071,12832,2,13,3,3,80,0,19,4,2,10,0,4,7,370.09090909090907,0.2631578947368421,2,0.5,False,True,False,False,False,False,False,True,False,True,True,False,False,False,False,False,False,False,False,False,False,0,0.02447124,Low,Normal Retention Program
36,1195,11,3,1,85,2,95,2,2,2,6499,22656,1,13,3,3,80,0,6,3,3,6,5,0,3,928.4285714285714,0.16216216216216217,2,0.16216216216216217,True,False,True,False,True,False,False,False,False,True,False,False,False,True,False,False,False,False,False,True,False,0,0.035988722,Low,Normal Retention Program
26,920,20,2,1,1818,4,69,3,1,2,2148,6889,0,11,3,3,80,0,6,3,3,5,1,1,4,358.0,0.18518518518518517,3,0.2222222222222222,False,True,False,False,False,False,True,False,False,False,True,False,False,False,False,False,False,False,True,False,True,1,0.250691,Low,Normal Retention Program
41,1283,5,5,1,1448,2,90,4,1,3,2127,5561,2,12,3,1,80,0,7,5,2,4,2,0,3,425.4,0.09523809523809523,4,0.16666666666666666,False,True,True,False,False,False,True,False,False,True,False,False,False,False,False,True,False,False,True,False,True,0,0.22059235,Low,Normal Retention Program
32,862,2,1,1,1190,3,76,3,1,1,2827,14947,1,12,3,3,80,3,1,3,3,1,0,0,0,1413.5,0.030303030303030304,1,0.030303030303030304,False,False,False,True,True,False,False,False,False,False,False,False,False,False,False,False,False,True,False,False,False,0,0.1663235,Low,Normal Retention Program
35,1146,26,4,1,2040,3,31,3,3,4,8837,16642,1,16,3,3,80,0,9,2,3,9,0,1,7,883.7,0.25,5,0.25,False,True,False,False,True,False,False,False,False,False,True,False,False,False,False,False,False,False,False,True,True,0,0.07427316,Low,Normal Retention Program
39,1329,4,4,1,182,4,47,2,2,3,5902,14590,4,14,3,3,80,1,17,1,4,15,11,5,9,368.875,0.375,3,0.425,False,True,False,True,True,False,False,False,False,False,False,False,False,False,False,False,True,False,True,False,False,0,0.013665708,Low,Normal Retention Program
59,1429,18,4,1,1283,4,67,3,3,4,10512,20002,6,12,3,4,80,0,25,6,2,9,7,5,4,1051.2,0.15,4,0.4166666666666667,False,True,True,False,False,False,True,False,False,True,False,False,False,True,False,False,False,False,False,True,False,0,0.072678216,Low,Normal Retention Program
29,1082,9,4,1,1709,4,43,3,1,3,2974,25412,9,17,3,3,80,1,9,2,3,5,3,1,2,495.6666666666667,0.16666666666666666,3,0.3,False,True,True,False,False,False,True,False,False,False,False,True,False,False,False,False,False,False,True,False,False,0,0.07457886,Low,Normal Retention Program
34,1031,6,4,1,151,3,45,2,2,2,4505,15000,6,15,3,3,80,1,12,3,3,1,0,0,0,2252.5,0.02857142857142857,2,0.34285714285714286,False,True,True,False,True,False,False,False,False,False,False,False,False,False,False,True,False,False,False,False,False,0,0.017436203,Low,Normal Retention Program
45,556,25,2,1,1888,2,93,2,2,4,5906,23888,0,13,3,4,80,2,10,2,2,9,8,3,8,590.6,0.1956521739130435,4,0.21739130434782608,False,True,True,False,True,False,False,False,False,False,False,False,False,True,False,False,False,False,True,False,False,0,0.021711178,Low,Normal Retention Program
49,1490,7,4,1,1484,3,35,3,3,2,10466,20948,3,14,3,2,80,2,29,3,3,8,7,0,7,1162.888888888889,0.16,2,0.58,False,True,True,False,True,False,False,False,False,True,False,False,False,False,False,False,False,False,False,False,False,0,0.007476277,Low,Normal Retention Program
38,119,3,3,1,307,1,76,3,3,3,10609,9647,0,12,3,3,80,2,17,6,2,16,10,5,13,624.0588235294117,0.41025641025641024,3,0.4358974358974359,False,True,False,True,True,False,False,False,False,True,False,False,False,False,False,False,True,False,False,False,False,0,0.030642925,Low,Normal Retention Program
31,311,20,3,1,1881,2,89,3,2,3,4197,18624,1,11,3,1,80,1,10,2,3,10,8,0,2,381.54545454545456,0.3125,3,0.3125,False,True,True,False,True,False,False,False,False,True,False,True,False,False,False,False,False,False,False,False,False,0,0.092289366,Low,Normal Retention Program
30,111,9,3,1,239,3,66,3,2,1,3072,11012,1,11,3,3,80,2,12,4,3,12,9,6,10,236.30769230769232,0.3870967741935484,1,0.3870967741935484,False,False,True,False,False,False,True,False,False,True,False,True,False,False,False,False,False,False,False,False,False,0,0.08000281,Low,Normal Retention Program
33,1283,2,3,1,1756,4,62,3,2,2,5147,10697,8,15,3,4,80,0,13,2,2,11,7,1,7,428.9166666666667,0.3235294117647059,2,0.38235294117647056,False,False,False,True,False,True,False,False,False,False,False,False,False,False,False,False,True,False,False,True,False,0,0.111584686,Low,Normal Retention Program
26,342,2,3,1,1053,1,57,3,1,1,2042,15346,6,14,3,2,80,1,6,2,3,3,2,1,2,510.5,0.1111111111111111,2,0.2222222222222222,True,False,True,False,True,False,False,False,False,True,False,False,False,False,False,True,False,False,True,False,True,1,0.8176896,High,Immediate HR Intervention
58,147,23,4,1,165,4,94,3,3,4,10312,3465,1,12,3,4,80,1,40,3,2,40,10,15,6,251.5121951219512,0.6779661016949152,4,0.6779661016949152,False,True,True,False,False,False,True,False,False,False,False,False,False,False,False,False,False,False,True,False,False,1,0.021349706,Low,Normal Retention Program
53,1282,5,3,1,32,3,58,3,5,3,19094,10735,4,11,3,4,80,1,26,3,2,14,13,4,8,1272.9333333333334,0.25925925925925924,3,0.48148148148148145,False,True,True,False,False,False,False,True,False,False,False,False,True,False,False,False,False,False,False,False,False,0,0.010533141,Low,Normal Retention Program
27,511,2,2,1,1898,1,89,4,2,3,6500,26997,0,14,3,2,80,0,9,5,2,8,7,0,7,722.2222222222222,0.2857142857142857,3,0.32142857142857145,False,True,False,True,False,False,True,False,False,False,False,False,False,False,False,False,True,False,False,True,False,0,0.054196123,Low,Normal Retention Program
40,369,8,2,1,1724,2,92,3,2,1,6516,5041,2,16,3,2,80,1,18,3,3,1,0,0,0,3258.0,0.024390243902439025,2,0.43902439024390244,False,True,True,False,True,False,False,False,False,False,False,False,False,True,False,False,False,False,True,False,True,0,0.047922887,Low,Normal Retention Program
38,1495,10,3,1,634,3,76,3,2,3,9824,22174,3,19,3,3,80,1,18,4,3,1,0,0,0,4912.0,0.02564102564102564,3,0.46153846153846156,False,True,True,False,False,False,True,False,False,False,False,False,False,False,False,False,False,False,True,False,False,0,0.011146126,Low,Normal Retention Program
44,1376,1,2,1,1098,2,91,2,3,1,10482,2326,9,14,3,4,80,1,24,1,3,20,6,3,6,499.14285714285717,0.4444444444444444,1,0.5333333333333333,False,True,False,False,False,False,True,False,False,True,True,False,False,False,False,False,False,False,True,False,False,1,0.03660003,Low,Normal Retention Program
41,509,2,4,1,616,1,62,2,2,3,6811,2112,2,17,3,1,80,0,10,3,3,8,7,0,7,756.7777777777778,0.19047619047619047,4,0.23809523809523808,False,False,True,False,False,False,False,True,False,False,False,False,False,False,False,False,False,False,False,True,True,0,0.14623773,Low,Normal Retention Program
37,1278,1,4,1,1700,3,31,1,2,4,9525,7677,1,14,3,3,80,2,6,2,2,6,3,1,3,1360.7142857142858,0.15789473684210525,4,0.15789473684210525,True,False,False,True,False,False,True,False,False,True,False,False,False,False,False,False,True,False,False,False,False,0,0.050748512,Low,Normal Retention Program
46,526,1,2,1,244,2,92,3,3,1,10453,2137,1,25,4,3,80,3,24,2,3,24,13,15,7,418.12,0.5106382978723404,1,0.5106382978723404,False,True,False,True,False,True,False,False,False,False,False,False,False,False,False,False,True,False,False,False,False,0,0.017222717,Low,Normal Retention Program
52,699,1,4,1,259,3,65,2,5,3,19999,5678,0,14,3,1,80,1,34,5,3,33,18,11,9,588.2058823529412,0.6226415094339622,3,0.6415094339622641,False,True,True,False,True,False,False,False,False,True,False,False,True,False,False,False,False,False,True,False,False,0,0.025202237,Low,Normal Retention Program
25,599,24,1,1,1273,3,73,1,1,4,1118,8040,1,14,3,4,80,0,1,4,3,1,0,1,0,559.0,0.038461538461538464,5,0.038461538461538464,True,False,False,True,True,False,False,False,False,True,False,False,False,False,False,False,False,True,False,True,True,1,0.9437719,High,Immediate HR Intervention
29,1404,20,3,1,974,3,84,3,1,4,2157,18203,1,15,3,2,80,1,3,5,3,3,1,0,2,539.25,0.1,4,0.1,True,False,False,True,False,False,False,False,True,False,False,False,False,False,False,False,False,True,True,False,False,0,0.18938947,Low,Normal Retention Program
31,444,5,3,1,399,4,84,3,1,2,2789,3909,1,11,3,3,80,1,2,5,2,2,2,2,2,929.6666666666666,0.0625,2,0.0625,True,False,False,True,False,True,False,False,False,False,False,False,False,False,False,False,False,True,False,False,False,0,0.2870941,Low,Normal Retention Program
25,383,9,2,1,1439,1,68,2,1,1,4400,15182,3,12,3,1,80,0,6,2,3,3,2,2,2,1100.0,0.11538461538461539,1,0.23076923076923078,False,True,False,True,True,False,False,False,False,True,False,False,False,False,False,False,False,True,True,False,False,1,0.36460337,Medium,Monitor Employee
24,567,2,1,1,1646,1,32,3,1,4,3760,17218,1,13,3,3,80,0,6,2,3,6,3,1,3,537.1428571428571,0.24,5,0.24,True,False,True,False,False,False,False,False,True,False,False,False,False,False,False,True,False,False,False,True,True,0,0.28478158,Low,Normal Retention Program
29,992,1,3,1,300,3,85,3,1,3,2058,19757,0,14,3,4,80,0,7,1,2,6,2,1,5,294.0,0.2,3,0.23333333333333334,False,True,True,False,False,False,False,False,True,True,False,False,False,False,False,True,False,False,False,True,False,1,0.016961902,Low,Normal Retention Program
25,1382,8,2,1,2018,1,85,3,2,3,4907,13684,0,22,4,2,80,1,6,3,2,5,3,0,4,817.8333333333334,0.19230769230769232,4,0.23076923076923078,False,True,False,True,False,False,False,True,False,False,False,False,False,False,False,False,True,False,False,False,True,0,0.047544513,Low,Normal Retention Program
35,482,4,4,1,1350,3,87,3,2,3,4249,2690,1,11,3,2,80,0,9,3,3,9,6,1,1,424.9,0.25,4,0.25,True,False,True,False,True,False,False,False,False,True,False,False,False,False,False,True,False,False,False,True,True,0,0.15675068,Low,Normal Retention Program
46,430,1,4,1,1069,4,40,3,5,4,19627,21445,9,17,3,4,80,2,23,0,3,2,2,2,2,6542.333333333333,0.0425531914893617,4,0.48936170212765956,False,True,True,False,False,False,True,False,False,True,False,False,False,False,True,False,False,False,False,False,False,0,0.020244885,Low,Normal Retention Program
42,188,29,3,1,1148,2,56,1,2,4,4272,9558,4,19,3,1,80,0,16,3,3,1,0,0,0,2136.0,0.023255813953488372,4,0.37209302325581395,False,True,True,False,False,False,True,False,False,True,False,True,False,False,False,False,False,False,False,True,False,0,0.19340079,Low,Normal Retention Program
37,571,10,1,1,802,4,82,3,1,1,2782,19905,0,13,3,2,80,2,6,3,2,5,3,4,3,463.6666666666667,0.13157894736842105,2,0.15789473684210525,False,True,True,False,True,False,False,False,False,False,False,False,False,False,False,True,False,False,False,False,True,0,0.060267996,Low,Normal Retention Program
27,1054,8,3,1,1751,3,67,3,1,4,3445,6152,1,11,3,3,80,0,6,5,2,6,2,1,4,492.14285714285717,0.21428571428571427,4,0.21428571428571427,False,True,True,False,False,False,True,False,False,False,False,False,False,False,False,True,False,False,False,True,False,0,0.023266396,Low,Normal Retention Program
38,1404,1,3,1,1961,1,59,2,1,1,2858,11473,4,14,3,1,80,0,20,3,2,1,0,0,0,1429.0,0.02564102564102564,1,0.5128205128205128,False,True,False,True,True,False,False,False,False,True,False,False,False,False,False,False,False,True,False,True,False,0,0.37191412,Medium,Monitor Employee
36,301,15,4,1,2036,4,88,1,2,4,5406,10436,1,24,4,1,80,1,15,4,2,15,12,11,11,337.875,0.40540540540540543,4,0.40540540540540543,False,False,False,True,False,True,False,False,False,True,False,False,False,False,False,False,True,False,False,False,False,0,0.09366408,Low,Normal Retention Program
27,618,4,3,1,933,2,76,3,1,3,2318,17808,1,19,3,3,80,0,1,2,3,1,1,0,0,1159.0,0.03571428571428571,3,0.03571428571428571,False,True,True,False,True,False,False,False,False,False,False,False,False,False,False,True,False,False,False,True,False,0,0.19651282,Low,Normal Retention Program
40,1416,2,2,1,352,1,49,3,5,3,19436,5949,0,19,3,4,80,1,22,5,3,21,7,3,9,883.4545454545455,0.5121951219512195,3,0.5365853658536586,False,True,True,False,False,False,True,False,False,True,False,False,False,False,True,False,False,False,False,False,False,0,0.005657193,Low,Normal Retention Program
44,935,3,3,1,1333,1,89,3,1,1,2362,14669,4,12,3,3,80,0,10,4,4,3,2,1,2,590.5,0.06666666666666667,1,0.2222222222222222,False,True,True,False,True,False,False,False,False,True,False,True,False,False,False,False,False,False,True,False,False,1,0.09035483,Low,Normal Retention Program
34,1351,1,4,1,1580,2,45,3,2,4,5484,13008,9,17,3,2,80,1,9,3,2,2,2,2,1,1828.0,0.05714285714285714,4,0.2571428571428571,False,True,True,False,True,False,False,False,False,True,False,False,False,False,False,True,False,False,True,False,False,0,0.013059404,Low,Normal Retention Program
36,559,12,4,1,1614,3,76,3,2,3,4663,12421,9,12,3,2,80,2,7,2,3,3,2,1,1,1165.75,0.08108108108108109,4,0.1891891891891892,False,True,True,False,True,False,False,False,False,False,False,False,False,True,False,False,False,False,True,False,True,0,0.095827185,Low,Normal Retention Program
28,1451,2,1,1,1136,1,67,2,1,2,3201,19911,0,17,3,1,80,0,6,2,1,5,3,0,4,533.5,0.1724137931034483,2,0.20689655172413793,False,True,True,False,True,False,False,False,False,True,False,False,False,False,False,True,False,False,True,False,False,0,0.1560198,Low,Normal Retention Program
56,206,8,4,1,1338,4,99,3,5,2,19717,4022,6,14,3,1,80,0,36,4,3,7,3,7,7,2464.625,0.12280701754385964,2,0.631578947368421,False,True,False,False,True,False,False,False,False,True,False,False,True,False,False,False,False,False,False,True,False,0,0.0799601,Low,Normal Retention Program
35,1097,11,2,1,70,3,79,2,3,1,9884,8302,2,13,3,3,80,1,10,3,3,4,0,2,3,1976.8,0.1111111111111111,2,0.2777777777777778,False,False,True,False,False,False,True,False,False,True,False,False,False,False,False,False,False,False,True,False,True,0,0.038987238,Low,Normal Retention Program
40,329,1,4,1,1361,2,88,3,1,2,2387,6762,3,22,4,3,80,1,7,3,3,4,2,0,3,477.4,0.0975609756097561,2,0.17073170731707318,False,True,True,False,True,False,False,False,False,True,False,True,False,False,False,False,False,False,True,False,False,0,0.031815417,Low,Normal Retention Program
41,263,6,3,1,957,4,59,3,1,1,4721,3119,2,13,3,3,80,0,20,3,3,18,13,2,17,248.47368421052633,0.42857142857142855,2,0.47619047619047616,False,True,True,False,False,False,True,False,False,True,False,True,False,False,False,False,False,False,False,True,True,0,0.12175486,Low,Normal Retention Program
30,921,1,3,1,806,4,38,1,1,3,3833,24375,3,21,4,3,80,2,7,2,3,2,2,0,2,1277.6666666666667,0.06451612903225806,3,0.22580645161290322,False,True,True,False,True,False,False,False,False,True,False,True,False,False,False,False,False,False,True,False,False,0,0.058926918,Low,Normal Retention Program
46,1034,18,1,1,624,1,86,3,3,3,10527,8984,5,11,3,4,80,0,28,3,2,2,2,1,2,3509.0,0.0425531914893617,3,0.5957446808510638,True,False,True,False,False,False,True,False,False,False,False,False,False,False,False,False,False,False,True,False,False,0,0.10170298,Low,Normal Retention Program
30,721,1,2,1,57,3,58,3,2,4,4011,10781,1,23,4,4,80,0,12,2,3,12,8,3,7,308.53846153846155,0.3870967741935484,4,0.3870967741935484,True,False,True,False,False,False,True,False,False,False,False,True,False,False,False,False,False,False,False,True,False,0,0.06559909,Low,Normal Retention Program
35,819,2,3,1,1182,3,44,2,3,2,10274,19588,2,18,3,2,80,1,15,2,4,7,7,6,4,1284.25,0.19444444444444445,2,0.4166666666666667,False,True,True,False,True,False,False,False,False,True,False,False,False,True,False,False,False,False,False,False,False,0,0.03149375,Low,Normal Retention Program
38,1380,9,2,1,245,3,75,3,1,4,2288,6319,1,12,3,3,80,0,2,3,3,2,2,2,1,762.6666666666666,0.05128205128205128,4,0.05128205128205128,False,True,True,False,True,False,False,False,False,False,False,True,False,False,False,False,False,False,False,True,False,0,0.055610888,Low,Normal Retention Program
38,268,2,5,1,773,4,92,3,1,3,3057,20471,6,13,3,2,80,1,6,0,1,1,0,0,1,1528.5,0.02564102564102564,4,0.15384615384615385,False,True,True,False,False,False,True,False,False,True,False,False,False,False,False,True,False,False,True,False,True,0,0.13823763,Low,Normal Retention Program
44,136,28,3,1,1523,4,32,3,4,1,16328,22074,3,13,3,3,80,1,24,1,4,20,6,14,17,777.5238095238095,0.4444444444444444,1,0.5333333333333333,False,True,True,False,True,False,False,False,False,True,False,False,False,False,True,False,False,False,True,False,False,0,0.027741687,Low,Normal Retention Program
27,728,23,1,1,1864,2,36,2,2,3,3540,7018,1,21,4,4,80,1,9,5,3,9,8,5,8,354.0,0.32142857142857145,3,0.32142857142857145,False,True,False,True,False,False,True,False,False,False,False,False,False,False,False,False,False,True,True,False,False,0,0.060463477,Low,Normal Retention Program
28,193,2,3,1,1296,4,52,2,1,4,3867,14222,1,12,3,2,80,1,2,2,3,2,2,2,2,1289.0,0.06896551724137931,5,0.06896551724137931,True,False,True,False,True,False,False,False,False,True,False,True,False,False,False,False,False,False,True,False,True,0,0.45803186,Medium,Monitor Employee
42,691,8,4,1,35,3,48,3,2,2,6825,21173,0,11,3,4,80,1,10,2,3,9,7,4,2,682.5,0.20930232558139536,2,0.23255813953488372,False,True,False,True,False,True,False,False,False,True,False,False,False,False,False,False,True,False,True,False,False,0,0.035395626,Low,Normal Retention Program
32,585,10,3,1,1720,1,56,3,1,3,3433,17360,6,13,3,1,80,1,10,3,2,5,2,1,3,572.1666666666666,0.15151515151515152,3,0.30303030303030304,True,False,True,False,True,False,False,False,False,True,False,False,False,False,False,True,False,False,True,False,False,0,0.35842073,Medium,Monitor Employee
26,950,4,4,1,401,4,48,2,2,4,5828,8450,1,12,3,2,80,0,8,0,3,8,7,7,4,647.5555555555555,0.2962962962962963,5,0.2962962962962963,False,True,False,True,False,True,False,False,False,True,False,False,False,False,False,False,True,False,False,True,True,1,0.3008725,Medium,Monitor Employee
29,461,1,3,1,1753,4,70,4,2,3,6294,23060,8,12,3,4,80,0,10,5,4,3,2,0,2,1573.5,0.1,4,0.3333333333333333,True,False,True,False,True,False,False,False,False,True,False,False,False,False,False,False,False,False,False,True,True,0,0.50295055,Medium,Monitor Employee
31,587,2,4,1,1324,4,57,3,3,3,9852,8935,1,19,3,1,80,1,10,5,2,10,8,9,6,895.6363636363636,0.3125,4,0.3125,False,False,False,True,True,False,False,False,False,False,False,False,False,False,False,False,True,False,False,False,True,0,0.2745554,Low,Normal Retention Program
41,1356,20,2,1,248,2,70,3,1,2,3140,21728,1,22,4,4,80,0,4,5,2,4,3,0,2,628.0,0.09523809523809523,3,0.09523809523809523,False,True,False,True,False,True,False,False,False,False,False,False,False,False,False,False,False,True,False,True,True,1,0.39466214,Medium,Monitor Employee
50,1421,2,3,1,1215,4,30,3,4,1,17856,9490,2,22,4,3,80,1,32,3,3,2,2,2,2,5952.0,0.0392156862745098,1,0.6274509803921569,True,False,True,False,False,False,True,False,False,False,False,False,True,False,False,False,False,False,True,False,False,0,0.011380937,Low,Normal Retention Program
33,527,1,4,1,780,4,63,3,1,4,2686,5207,1,13,3,3,80,0,10,2,2,10,9,7,8,244.1818181818182,0.29411764705882354,5,0.29411764705882354,False,True,True,False,False,False,False,True,False,True,False,False,False,False,False,True,False,False,False,True,True,1,0.16318052,Low,Normal Retention Program
47,1454,2,4,1,925,4,65,2,1,4,3294,13137,1,18,3,1,80,0,3,3,2,3,2,1,2,823.5,0.0625,5,0.0625,False,True,False,True,True,False,False,False,False,False,False,False,False,False,False,False,False,True,False,True,True,0,0.40039474,Medium,Monitor Employee
41,933,9,4,1,200,3,94,3,1,1,2238,6961,2,21,4,4,80,1,7,2,3,5,0,1,4,373.0,0.11904761904761904,1,0.16666666666666666,False,True,True,False,True,False,False,False,False,True,False,True,False,False,False,False,False,False,True,False,False,0,0.033750743,Low,Normal Retention Program
31,1276,2,1,1,1974,4,59,1,1,4,1129,17536,1,11,3,3,80,3,1,4,3,1,0,0,0,564.5,0.03125,5,0.03125,False,True,True,False,False,False,True,False,False,False,False,True,False,False,False,False,False,False,False,False,True,0,0.6549092,Medium,Monitor Employee
40,658,10,4,1,954,1,67,2,3,2,9705,20652,2,12,3,2,80,1,11,2,2,1,0,0,0,4852.5,0.024390243902439025,2,0.2682926829268293,False,True,False,True,False,True,False,False,False,True,False,False,False,False,False,False,True,False,False,False,False,0,0.24386694,Low,Normal Retention Program
35,755,9,4,1,496,3,97,2,2,2,6540,19394,9,19,3,3,80,0,10,5,3,1,1,0,0,3270.0,0.027777777777777776,2,0.2777777777777778,False,True,True,False,True,False,False,False,False,True,False,False,False,False,False,False,False,False,False,True,False,0,0.12632287,Low,Normal Retention Program
35,200,18,2,1,1412,3,60,3,3,4,9362,19944,2,11,3,3,80,0,10,2,3,2,2,2,2,3120.6666666666665,0.05555555555555555,4,0.2777777777777778,True,False,True,False,True,False,False,False,False,True,False,False,False,True,False,False,False,False,False,True,False,0,0.06364019,Low,Normal Retention Program
55,282,2,2,1,1336,4,58,1,5,3,19187,6992,4,14,3,4,80,1,23,5,3,19,9,9,11,959.35,0.3392857142857143,3,0.4107142857142857,False,True,True,False,False,False,True,False,False,False,False,False,True,False,False,False,False,False,True,False,False,0,0.05222997,Low,Normal Retention Program
58,1055,1,3,1,1423,4,76,3,5,1,19701,22456,3,21,4,3,80,1,32,3,3,9,8,1,5,1970.1,0.15254237288135594,2,0.5423728813559322,False,True,True,False,False,False,True,False,False,False,False,False,False,False,True,False,False,False,True,False,True,0,0.010088534,Low,Normal Retention Program
37,1192,5,2,1,460,4,61,3,2,4,6347,23177,7,16,3,3,80,2,8,2,2,6,2,0,4,906.7142857142857,0.15789473684210525,4,0.21052631578947367,False,True,True,False,False,False,True,False,False,True,False,False,False,True,False,False,False,False,False,False,False,0,0.014866617,Low,Normal Retention Program
21,996,3,2,1,379,4,100,2,1,3,3230,10531,1,17,3,1,80,0,3,4,4,3,2,1,0,807.5,0.13636363636363635,3,0.13636363636363635,False,True,True,False,False,False,True,False,False,True,False,False,False,False,False,True,False,False,False,True,False,0,0.20945372,Low,Normal Retention Program
31,106,2,3,1,424,1,62,2,2,1,6410,17822,3,12,3,4,80,0,9,1,3,2,2,1,0,2136.6666666666665,0.0625,1,0.28125,False,True,False,False,False,False,False,False,False,True,True,False,False,False,False,False,False,False,True,False,False,0,0.3283016,Medium,Monitor Employee
41,906,5,2,1,1210,1,95,2,1,1,2107,20293,6,17,3,1,80,1,5,2,1,1,0,0,0,1053.5,0.023809523809523808,1,0.11904761904761904,False,False,True,False,True,False,False,False,False,True,False,False,False,False,False,True,False,False,False,False,False,1,0.17541933,Low,Normal Retention Program
36,1467,11,2,1,154,2,92,3,3,4,9738,22952,0,14,3,3,80,1,10,6,3,9,7,2,8,973.8,0.24324324324324326,4,0.2702702702702703,True,False,False,True,False,False,False,False,True,False,False,False,False,False,False,False,True,False,True,False,False,0,0.032180693,Low,Normal Retention Program
32,371,19,3,1,1739,4,80,1,3,3,9610,3840,3,13,3,3,80,1,10,2,1,4,3,0,2,1922.0,0.12121212121212122,3,0.30303030303030304,False,True,False,True,True,False,False,False,False,True,False,False,False,False,False,False,True,False,True,False,False,0,0.21462138,Low,Normal Retention Program
39,443,8,1,1,602,3,48,3,1,3,3755,17872,1,11,3,1,80,1,8,3,3,8,3,0,7,417.22222222222223,0.2,3,0.2,True,False,True,False,True,False,False,False,False,False,False,True,False,False,False,False,False,False,True,False,False,0,0.071254715,Low,Normal Retention Program
22,1256,19,1,1,217,3,80,3,1,4,2323,11992,1,24,4,1,80,2,2,6,3,2,2,2,2,774.3333333333334,0.08695652173913043,4,0.08695652173913043,False,True,True,False,False,False,True,False,False,True,False,False,False,False,False,True,False,False,True,False,False,0,0.038704798,Low,Normal Retention Program
43,982,12,3,1,520,1,59,2,4,2,14336,4345,1,11,3,3,80,1,25,3,3,25,10,3,9,551.3846153846154,0.5681818181818182,2,0.5681818181818182,False,True,True,False,True,False,False,False,False,True,False,False,False,False,True,False,False,False,False,False,False,0,0.013402152,Low,Normal Retention Program
34,1326,3,3,1,1478,4,81,1,2,1,4759,15891,3,18,3,4,80,0,15,2,3,13,9,3,12,339.92857142857144,0.37142857142857144,1,0.42857142857142855,False,True,False,True,False,False,False,True,False,True,False,False,False,False,False,False,True,False,False,True,False,0,0.15080859,Low,Normal Retention Program
28,1083,29,1,1,1514,3,96,1,2,2,6549,3173,1,14,3,2,80,2,8,2,2,8,6,1,7,727.6666666666666,0.27586206896551724,2,0.27586206896551724,False,True,True,False,True,False,False,False,False,True,False,False,False,True,False,False,False,False,True,False,False,0,0.031158574,Low,Normal Retention Program
26,683,2,1,1,1407,1,36,2,1,4,3904,4050,0,12,3,4,80,0,5,2,3,4,3,1,1,780.8,0.14814814814814814,4,0.18518518518518517,False,True,True,False,False,False,True,False,False,True,False,False,False,False,False,True,False,False,False,True,False,0,0.03956854,Low,Normal Retention Program
42,532,4,2,1,319,3,58,3,5,4,19232,4933,1,11,3,4,80,0,22,3,3,22,17,11,15,836.1739130434783,0.5116279069767442,4,0.5116279069767442,False,True,True,False,False,False,False,False,True,True,False,False,True,False,False,False,False,False,True,False,False,0,0.017721485,Low,Normal Retention Program
34,426,10,4,1,1615,3,42,4,2,4,4724,17000,1,13,3,1,80,1,9,3,3,9,7,7,2,472.4,0.2571428571428571,4,0.2571428571428571,True,False,True,False,True,False,False,False,False,True,False,False,False,True,False,False,False,False,False,False,False,0,0.054270945,Low,Normal Retention Program
56,441,14,4,1,161,2,72,3,1,2,4963,4510,9,18,3,1,80,3,7,2,3,5,4,4,3,827.1666666666666,0.08771929824561403,3,0.12280701754385964,False,True,True,False,True,False,False,False,False,False,False,False,False,False,False,True,False,False,True,False,True,1,0.0924634,Low,Normal Retention Program
29,1092,1,4,1,2027,1,36,3,1,4,4787,26124,9,14,3,2,80,3,4,3,4,2,2,2,2,1595.6666666666667,0.06666666666666667,5,0.13333333333333333,False,True,True,False,False,False,True,False,False,True,False,False,False,False,False,True,False,False,True,False,True,1,0.14949068,Low,Normal Retention Program
40,1202,2,1,1,1375,2,89,4,2,3,6377,13888,5,20,4,2,80,3,15,0,3,12,11,11,8,490.53846153846155,0.2926829268292683,3,0.36585365853658536,False,True,True,False,False,False,True,False,False,False,False,False,False,False,False,False,False,False,False,False,False,0,0.019335188,Low,Normal Retention Program
24,693,3,2,1,720,1,65,3,2,3,4577,24785,9,14,3,1,80,0,4,3,3,2,2,2,0,1525.6666666666667,0.08,3,0.16,False,True,False,True,True,False,False,False,False,False,False,False,False,False,False,False,True,False,False,True,False,1,0.5347119,Medium,Monitor Employee
36,335,17,2,1,1908,3,33,2,2,2,5507,16822,2,16,3,3,80,2,12,1,1,4,2,1,3,1101.4,0.10810810810810811,2,0.32432432432432434,False,True,False,True,False,True,False,False,False,True,False,False,False,False,False,False,True,False,True,False,False,0,0.22151312,Low,Normal Retention Program
43,775,15,3,1,754,4,47,2,2,4,6804,23683,3,18,3,3,80,1,7,5,3,2,2,2,2,2268.0,0.045454545454545456,4,0.1590909090909091,True,False,False,True,True,False,False,False,False,True,False,False,False,False,False,False,True,False,True,False,False,0,0.058581516,Low,Normal Retention Program
50,1246,3,3,1,644,1,99,3,5,2,18200,7999,1,11,3,3,80,1,32,2,3,32,5,10,7,551.5151515151515,0.6274509803921569,2,0.6274509803921569,True,False,False,False,False,False,True,False,False,True,False,False,True,False,False,False,False,False,True,False,False,0,0.04430809,Low,Normal Retention Program
34,699,6,1,1,31,2,83,3,1,1,2960,17102,2,11,3,3,80,0,8,2,3,4,2,1,3,592.0,0.11428571428571428,1,0.22857142857142856,False,True,True,False,False,False,True,False,False,True,False,False,False,False,False,True,False,False,False,True,False,1,0.025396591,Low,Normal Retention Program
42,179,2,5,1,1231,4,79,4,2,1,6272,12858,7,16,3,1,80,1,10,3,4,4,3,0,3,1254.4,0.09302325581395349,1,0.23255813953488372,False,False,False,False,False,False,True,False,False,True,True,False,False,False,False,False,False,False,True,False,False,0,0.025155041,Low,Normal Retention Program
42,933,19,3,1,752,3,57,4,1,3,2759,20366,6,12,3,4,80,0,7,2,3,2,2,2,2,919.6666666666666,0.046511627906976744,4,0.16279069767441862,True,False,True,False,False,False,True,False,False,True,False,False,False,False,False,True,False,False,False,False,True,1,0.34915727,Medium,Monitor Employee
30,330,1,3,1,1499,3,46,3,1,3,2064,15428,0,21,4,1,80,1,6,3,4,5,3,1,3,344.0,0.16129032258064516,3,0.1935483870967742,False,True,False,False,True,False,False,False,False,True,True,False,False,False,False,False,False,False,False,False,False,0,0.0213774,Low,Normal Retention Program
51,1323,4,4,1,1081,1,34,3,1,3,2461,10332,9,12,3,3,80,3,18,2,4,10,0,2,7,223.72727272727272,0.19230769230769232,4,0.34615384615384615,False,True,True,False,True,False,False,False,False,True,False,False,False,False,False,True,False,False,True,False,True,1,0.12854117,Low,Normal Retention Program
39,1251,21,4,1,1929,1,32,1,2,3,5736,3987,6,19,3,3,80,1,10,1,3,3,2,1,2,1434.0,0.075,3,0.25,False,False,False,True,True,False,False,False,False,False,False,False,False,False,False,False,True,False,True,False,False,0,0.39053565,Medium,Monitor Employee
37,1373,2,2,1,4,4,92,2,1,3,2090,2396,6,15,3,2,80,0,7,3,3,0,0,0,0,2090.0,0.0,4,0.18421052631578946,False,True,True,False,False,False,False,True,False,True,False,True,False,False,False,False,False,False,False,True,True,1,0.78652877,High,Immediate HR Intervention
31,1327,3,4,1,337,2,73,3,3,3,13675,13523,9,12,3,1,80,1,9,3,3,2,2,2,2,4558.333333333333,0.0625,3,0.28125,True,False,True,False,False,False,True,False,False,True,False,False,False,False,True,False,False,False,False,False,False,0,0.14433944,Low,Normal Retention Program
27,155,4,3,1,2064,2,87,4,2,2,6142,5174,1,20,4,2,80,1,6,0,3,6,2,0,3,877.4285714285714,0.21428571428571427,3,0.21428571428571427,False,True,True,False,True,False,False,False,False,True,False,False,False,True,False,False,False,False,True,False,True,0,0.022279147,Low,Normal Retention Program
41,1411,19,2,1,334,3,36,3,2,1,3072,19877,2,16,3,1,80,2,17,2,2,1,0,0,0,1536.0,0.023809523809523808,1,0.40476190476190477,False,True,True,False,True,False,False,False,False,True,False,False,False,False,False,True,False,False,False,False,False,0,0.05435376,Low,Normal Retention Program
47,1309,4,1,1,467,2,99,3,2,3,2976,25751,3,19,3,1,80,0,5,3,3,0,0,0,0,2976.0,0.0,3,0.10416666666666667,True,False,False,True,False,False,True,False,False,True,False,False,False,False,False,False,False,True,False,True,False,0,0.19414012,Low,Normal Retention Program
38,1035,3,4,1,1036,2,42,3,2,4,6861,4981,8,12,3,3,80,0,19,1,3,1,0,0,0,3430.5,0.02564102564102564,5,0.48717948717948717,False,True,False,True,True,False,False,False,False,True,False,False,False,False,False,False,True,False,False,True,True,0,0.33299738,Medium,Monitor Employee
26,575,3,1,1,510,3,73,3,1,1,3102,6582,0,22,4,3,80,0,7,2,3,6,4,0,4,443.14285714285717,0.2222222222222222,1,0.25925925925925924,True,False,True,False,False,False,False,False,True,True,False,False,False,False,False,True,False,False,False,True,False,1,0.096875936,Low,Normal Retention Program
41,314,1,3,1,734,4,59,2,5,3,19189,19562,1,12,3,2,80,1,22,3,3,22,7,2,10,834.304347826087,0.5238095238095238,3,0.5238095238095238,False,True,False,False,False,False,False,False,False,True,False,False,True,False,False,False,False,False,True,False,False,0,0.015316614,Low,Normal Retention Program
30,109,5,3,1,1017,2,60,3,1,2,2422,25725,0,17,3,1,80,0,4,3,3,3,2,1,2,605.5,0.0967741935483871,2,0.12903225806451613,True,False,True,False,False,False,True,False,False,False,False,True,False,False,False,False,False,False,False,True,False,1,0.21069133,Low,Normal Retention Program
36,1403,6,3,1,373,4,47,3,1,4,3210,20251,0,11,3,3,80,1,16,4,3,15,13,10,11,200.625,0.40540540540540543,4,0.43243243243243246,False,True,True,False,True,False,False,False,False,True,False,True,False,False,False,False,False,False,True,False,False,0,0.00960014,Low,Normal Retention Program
50,959,1,4,1,1113,4,81,3,2,3,4728,17251,3,14,3,4,80,0,5,4,3,0,0,0,0,4728.0,0.0,4,0.09803921568627451,True,False,False,True,False,False,False,True,False,True,False,False,False,False,False,False,True,False,False,True,True,1,0.2973326,Low,Normal Retention Program
24,691,23,3,1,639,2,89,4,1,4,2725,21630,1,11,3,2,80,2,6,3,3,6,5,1,4,389.2857142857143,0.24,5,0.24,False,True,True,False,False,False,True,False,False,True,False,False,False,False,False,True,False,False,True,False,True,0,0.1679175,Low,Normal Retention Program
31,140,12,1,1,246,3,95,3,1,4,3929,6984,8,23,4,3,80,1,7,0,3,4,2,0,2,785.8,0.125,5,0.21875,False,True,True,False,False,False,True,False,False,False,False,False,False,False,False,True,False,False,True,False,True,0,0.0851491,Low,Normal Retention Program
36,530,2,4,1,1710,3,51,3,2,4,4502,7439,3,15,3,3,80,0,17,2,2,13,7,6,7,321.57142857142856,0.35135135135135137,4,0.4594594594594595,False,True,False,True,True,False,False,False,False,False,False,False,False,False,False,False,False,True,False,True,False,0,0.04296298,Low,Normal Retention Program
52,585,29,4,1,2019,1,40,3,1,4,3482,19788,2,15,3,2,80,2,16,3,2,9,8,0,0,348.2,0.16981132075471697,4,0.3018867924528302,False,False,False,True,True,False,False,False,False,True,False,False,False,False,False,False,False,True,False,False,False,0,0.13400203,Low,Normal Retention Program
29,896,18,1,1,315,3,86,2,1,4,2389,14961,1,13,3,3,80,0,4,3,2,4,3,0,1,477.8,0.13333333333333333,5,0.13333333333333333,False,True,True,False,False,False,True,False,False,True,False,False,False,False,False,True,False,False,False,True,True,1,0.42059326,Medium,Monitor Employee
34,829,15,3,1,1485,2,71,3,4,1,17007,11929,7,14,3,4,80,2,16,3,2,14,8,6,9,1133.8,0.4,1,0.45714285714285713,True,False,True,False,False,False,True,False,False,True,False,False,False,False,True,False,False,False,False,False,False,0,0.12908965,Low,Normal Retention Program
32,977,2,3,1,1671,4,45,3,2,2,5470,25518,0,13,3,3,80,2,10,4,2,9,5,1,6,547.0,0.2727272727272727,2,0.30303030303030304,False,True,True,False,False,False,True,False,False,True,False,False,False,False,False,True,False,False,False,False,False,0,0.0046310304,Low,Normal Retention Program
28,1217,1,3,1,1834,3,67,3,1,1,3591,12719,1,25,4,3,80,1,3,3,3,3,2,1,2,897.75,0.10344827586206896,1,0.10344827586206896,False,True,True,False,False,False,True,False,False,False,False,False,False,False,False,True,False,False,True,False,False,0,0.009722639,Low,Normal Retention Program
59,142,3,3,1,309,3,70,2,1,4,2177,8456,3,17,3,1,80,1,7,6,3,1,0,0,0,1088.5,0.016666666666666666,4,0.11666666666666667,False,True,True,False,True,False,False,False,False,True,False,False,False,False,False,True,False,False,True,False,False,0,0.03482043,Low,Normal Retention Program
46,228,3,3,1,1527,3,51,3,4,2,16606,11380,8,12,3,4,80,1,23,2,4,13,12,5,1,1186.142857142857,0.2765957446808511,2,0.48936170212765956,False,True,False,True,True,False,False,False,False,False,False,False,True,False,False,False,False,False,True,False,False,0,0.06718137,Low,Normal Retention Program
26,482,1,2,1,1893,2,90,2,1,3,2933,14908,1,13,3,3,80,1,1,3,2,1,0,1,0,1466.5,0.037037037037037035,4,0.037037037037037035,False,True,True,False,True,False,False,False,False,False,False,False,False,False,False,True,False,False,True,False,True,0,0.17496817,Low,Normal Retention Program
35,880,12,4,1,1667,4,36,3,2,4,4581,10414,3,24,4,1,80,0,13,2,4,11,9,6,7,381.75,0.3055555555555556,5,0.3611111111111111,True,False,False,True,False,False,False,True,False,True,False,False,False,False,False,False,True,False,False,True,True,1,0.35122687,Medium,Monitor Employee
33,832,5,4,1,338,3,63,2,1,4,2911,14776,1,13,3,3,80,1,2,2,2,2,2,0,2,970.3333333333334,0.058823529411764705,4,0.058823529411764705,False,True,True,False,True,False,False,False,False,False,False,False,False,False,False,True,False,False,True,False,False,0,0.01993204,Low,Normal Retention Program
44,625,4,3,1,852,4,50,3,2,2,5933,5197,9,12,3,4,80,0,10,2,2,5,2,2,3,988.8333333333334,0.1111111111111111,2,0.2222222222222222,False,True,True,False,False,False,True,False,False,True,False,False,False,False,False,False,False,False,False,True,False,0,0.05998032,Low,Normal Retention Program
51,684,6,3,1,162,1,51,3,5,3,19537,6462,7,13,3,3,80,0,23,5,3,20,18,15,15,930.3333333333334,0.38461538461538464,3,0.4423076923076923,False,True,True,False,True,False,False,False,False,True,False,False,False,False,True,False,False,False,False,True,False,0,0.048241984,Low,Normal Retention Program
40,218,8,1,1,1468,4,55,2,3,2,13757,25178,2,11,3,3,80,1,16,5,3,9,8,4,8,1375.7,0.21951219512195122,2,0.3902439024390244,False,False,True,False,False,False,True,False,False,True,False,False,False,False,True,False,False,False,False,False,False,0,0.026387524,Low,Normal Retention Program
39,141,3,3,1,760,3,44,4,2,2,6389,18767,9,15,3,3,80,1,12,3,1,8,3,3,6,709.8888888888889,0.2,2,0.3,False,True,False,False,False,False,False,False,False,False,True,False,False,False,False,False,False,False,True,False,False,0,0.084060304,Low,Normal Retention Program
48,708,7,2,1,1691,4,95,3,1,3,2655,11740,2,11,3,3,80,2,19,3,3,9,7,7,7,265.5,0.1836734693877551,4,0.3877551020408163,True,False,False,True,False,False,True,False,False,False,False,False,False,False,False,False,False,True,True,False,True,1,0.24282244,Low,Normal Retention Program
31,715,2,4,1,1613,4,54,3,2,1,5332,21602,7,13,3,4,80,0,10,3,3,5,2,0,3,888.6666666666666,0.15625,1,0.3125,True,False,False,True,False,False,False,True,False,True,False,False,False,False,False,False,True,False,False,True,False,0,0.44104615,Medium,Monitor Employee
37,309,10,4,1,1105,4,88,2,2,4,6694,24223,2,14,3,3,80,3,8,5,3,1,0,0,0,3347.0,0.02631578947368421,5,0.21052631578947367,False,True,False,True,True,False,False,False,False,False,False,False,False,False,False,False,True,False,False,False,True,0,0.11321465,Low,Normal Retention Program
28,1144,10,1,1,1056,4,74,3,1,2,1052,23384,1,22,4,2,80,0,1,5,3,1,0,0,0,526.0,0.034482758620689655,2,0.034482758620689655,False,True,False,True,False,False,True,False,False,True,False,False,False,False,False,False,False,True,True,False,False,0,0.68040806,Medium,Monitor Employee
19,419,21,3,1,959,4,37,2,1,2,2121,9947,1,13,3,2,80,0,1,3,4,1,0,0,0,1060.5,0.05,3,0.05,False,True,False,True,False,False,False,True,False,True,False,False,False,False,False,False,False,True,False,True,True,1,0.97089076,High,Immediate HR Intervention
37,663,11,3,1,306,2,47,3,3,4,12185,10056,1,14,3,3,80,3,10,1,3,10,8,0,7,1107.7272727272727,0.2631578947368421,5,0.2631578947368421,True,False,True,False,False,False,False,True,False,True,False,False,False,False,True,False,False,False,False,False,True,0,0.03782968,Low,Normal Retention Program
25,266,1,3,1,1303,4,40,3,1,2,2096,18830,1,18,3,4,80,0,2,3,2,2,2,2,1,698.6666666666666,0.07692307692307693,2,0.07692307692307693,False,True,True,False,False,False,True,False,False,False,False,False,False,False,False,True,False,False,False,True,False,0,0.09375042,Low,Normal Retention Program
41,427,10,4,1,731,2,73,2,5,4,19141,8861,3,15,3,2,80,3,23,2,2,21,6,12,6,870.0454545454545,0.5,4,0.5476190476190477,False,True,False,False,False,False,False,False,False,True,False,False,True,False,False,False,False,False,False,False,False,0,0.025948485,Low,Normal Retention Program
22,1123,16,2,1,22,4,96,4,1,4,2935,7324,1,13,3,2,80,2,1,2,2,1,0,0,0,1467.5,0.043478260869565216,5,0.043478260869565216,False,False,True,False,False,False,True,False,False,True,False,True,False,False,False,False,False,False,False,False,True,0,0.55060124,Medium,Monitor Employee
53,102,23,4,1,901,4,72,3,4,4,14275,20206,6,18,3,3,80,0,33,0,3,12,9,3,8,1098.076923076923,0.2222222222222222,4,0.6111111111111112,False,True,True,False,True,False,False,False,False,False,False,False,False,False,True,False,False,False,False,True,False,0,0.029526845,Low,Normal Retention Program
50,1464,2,4,1,1061,2,62,3,5,3,19237,12853,2,11,3,4,80,1,29,2,2,8,1,7,7,2137.4444444444443,0.1568627450980392,4,0.5686274509803921,False,True,True,False,False,False,True,False,False,True,False,False,False,False,True,False,False,False,True,False,True,0,0.0374578,Low,Normal Retention Program
44,381,24,3,1,744,1,49,1,1,3,3708,2104,2,14,3,3,80,0,9,5,3,5,2,1,4,618.0,0.1111111111111111,3,0.2,False,False,True,False,False,False,True,False,False,True,False,True,False,False,False,False,False,False,False,True,False,0,0.50308204,Medium,Monitor Employee
43,1179,2,3,1,1706,4,73,3,2,4,7847,6069,1,17,3,1,80,1,10,3,3,10,9,8,8,713.3636363636364,0.22727272727272727,5,0.22727272727272727,False,True,False,True,False,False,True,False,False,True,False,False,False,False,False,False,True,False,True,False,True,0,0.09527092,Low,Normal Retention Program
54,155,9,2,1,1969,1,67,3,2,3,2897,22474,3,11,3,3,80,2,9,6,2,4,3,2,3,579.4,0.07272727272727272,3,0.16363636363636364,False,True,True,False,True,False,False,False,False,False,False,False,False,False,False,True,False,False,True,False,False,0,0.056888394,Low,Normal Retention Program
36,216,6,2,1,178,2,84,3,2,2,4941,2819,6,20,4,4,80,2,7,0,3,3,2,0,1,1235.25,0.08108108108108109,2,0.1891891891891892,False,True,True,False,False,False,True,False,False,True,False,False,False,True,False,False,False,False,False,False,False,0,0.03063838,Low,Normal Retention Program
46,168,4,2,1,1280,4,33,2,5,2,18789,9946,2,14,3,3,80,1,26,2,3,11,4,0,8,1565.75,0.23404255319148937,2,0.5531914893617021,False,True,False,True,False,True,False,False,False,False,False,False,True,False,False,False,False,False,True,False,False,0,0.027320262,Low,Normal Retention Program
55,478,2,3,1,1770,3,60,2,5,1,19038,19805,8,12,3,2,80,3,34,2,3,1,0,0,0,9519.0,0.017857142857142856,1,0.6071428571428571,False,True,True,False,False,False,True,False,False,True,False,False,False,False,True,False,False,False,True,False,False,0,0.029631335,Low,Normal Retention Program
39,1089,6,3,1,1525,2,32,3,3,2,8376,9150,4,18,3,4,80,0,9,3,3,2,0,2,2,2792.0,0.05,2,0.225,False,True,True,False,True,False,False,False,False,False,False,False,False,True,False,False,False,False,False,True,False,0,0.036912948,Low,Normal Retention Program
21,756,1,1,1,478,1,99,2,1,2,2174,9150,1,11,3,3,80,0,3,3,3,3,2,1,2,543.5,0.13636363636363635,3,0.13636363636363635,True,False,False,True,False,False,False,False,True,False,False,False,False,False,False,False,False,True,False,True,True,1,0.92775,High,Immediate HR Intervention
43,559,10,4,1,448,3,82,2,2,3,5257,6227,1,11,3,2,80,1,9,3,4,9,7,0,0,525.7,0.20454545454545456,3,0.20454545454545456,True,False,True,False,True,False,False,False,False,False,False,True,False,False,False,False,False,False,False,False,False,0,0.09270033,Low,Normal Retention Program
51,1169,7,4,1,211,2,34,2,2,3,6132,13983,2,17,3,3,80,0,10,2,3,1,0,0,0,3066.0,0.019230769230769232,3,0.19230769230769232,False,True,True,False,False,False,True,False,False,True,False,False,False,True,False,False,False,False,True,False,False,0,0.0366372,Low,Normal Retention Program
31,1398,8,2,1,1461,4,96,4,1,2,2109,24609,9,18,3,4,80,0,8,3,3,3,2,0,2,527.25,0.09375,2,0.25,False,True,False,False,False,False,True,False,False,False,True,False,False,False,False,False,False,False,False,True,False,0,0.15225193,Low,Normal Retention Program
33,1392,3,4,1,5,4,56,3,1,3,2909,23159,1,11,3,3,80,0,8,3,3,8,7,3,0,323.22222222222223,0.23529411764705882,4,0.23529411764705882,True,False,True,False,True,False,False,False,False,False,False,False,False,False,False,True,False,False,True,False,True,0,0.21344203,Low,Normal Retention Program
50,869,3,2,1,47,1,86,2,1,3,2683,3810,1,14,3,3,80,0,3,2,3,3,2,0,2,670.75,0.058823529411764705,4,0.058823529411764705,False,True,False,True,False,True,False,False,False,True,False,False,False,False,False,False,False,True,True,False,True,1,0.36825767,Medium,Monitor Employee
45,1234,11,2,1,1045,4,90,3,4,4,17650,5404,3,13,3,2,80,1,26,4,4,9,3,1,1,1765.0,0.1956521739130435,4,0.5652173913043478,False,True,False,True,True,False,False,False,False,False,False,False,True,False,False,False,False,False,True,False,False,0,0.0047986773,Low,Normal Retention Program
33,827,1,4,1,998,3,84,4,2,2,5488,20161,1,13,3,1,80,1,6,2,3,6,5,1,2,784.0,0.17647058823529413,3,0.17647058823529413,True,False,True,False,False,False,False,True,False,False,False,False,False,False,False,False,False,False,True,False,True,0,0.104148,Low,Normal Retention Program
28,1366,24,2,1,1082,2,72,2,3,1,8722,12355,1,12,3,1,80,0,10,2,2,10,7,1,9,792.9090909090909,0.3448275862068966,1,0.3448275862068966,False,False,True,False,False,False,False,False,True,True,False,False,False,False,False,False,False,False,False,True,False,1,0.18051766,Low,Normal Retention Program
18,812,10,3,1,411,4,69,2,1,3,1200,9724,1,12,3,1,80,0,0,2,3,0,0,0,0,1200.0,0.0,3,0.0,False,True,False,True,False,False,True,False,False,False,False,False,False,False,False,False,False,True,False,True,False,0,0.86404675,High,Immediate HR Intervention
35,583,25,4,1,1014,3,57,3,3,3,10388,6975,1,11,3,3,80,1,16,3,2,16,10,10,1,611.0588235294117,0.4444444444444444,4,0.4444444444444444,False,True,True,False,False,False,True,False,False,False,False,False,False,False,False,False,False,False,False,False,True,0,0.14503469,Low,Normal Retention Program
38,1186,3,4,1,1060,3,44,3,1,3,2821,2997,3,16,3,1,80,1,8,2,3,2,2,2,2,940.3333333333334,0.05128205128205128,3,0.20512820512820512,True,False,True,False,False,False,False,True,False,True,False,False,False,False,False,True,False,False,True,False,False,0,0.02064474,Low,Normal Retention Program
24,823,17,2,1,643,4,94,2,1,2,2127,9100,1,21,4,4,80,1,1,2,3,1,0,0,0,1063.5,0.04,2,0.04,False,True,True,False,False,False,False,True,False,True,False,True,False,False,False,False,False,False,True,False,False,0,0.47852874,Medium,Monitor Employee
35,538,25,2,1,652,1,54,2,2,4,3681,14004,4,14,3,4,80,0,9,3,3,3,2,0,2,920.25,0.08333333333333333,4,0.25,False,True,True,False,False,False,False,True,False,True,False,True,False,False,False,False,False,False,False,True,False,0,0.19546905,Low,Normal Retention Program
33,922,1,5,1,612,1,95,4,4,3,16184,22578,4,19,3,3,80,1,10,2,3,6,1,0,5,2312.0,0.17647058823529413,3,0.29411764705882354,False,True,True,False,False,False,True,False,False,False,False,False,False,False,True,False,False,False,False,False,False,0,0.007727644,Low,Normal Retention Program
37,124,3,3,1,1062,4,35,3,2,2,4107,13848,3,15,3,1,80,0,8,3,2,4,3,0,1,821.4,0.10526315789473684,2,0.21052631578947367,False,True,True,False,False,False,False,True,False,False,False,False,False,False,False,False,False,False,False,True,False,0,0.08077471,Low,Normal Retention Program
36,796,12,5,1,1073,4,51,2,3,4,8858,15669,0,11,3,2,80,0,15,2,2,14,8,7,8,590.5333333333333,0.3783783783783784,4,0.40540540540540543,False,True,True,False,False,False,True,False,False,False,False,False,False,True,False,False,False,False,False,True,False,0,0.09434193,Low,Normal Retention Program
24,1206,17,1,1,1009,4,41,2,2,3,4377,24117,1,15,3,2,80,2,5,6,3,4,2,3,2,875.4,0.16,3,0.2,False,True,True,False,False,False,True,False,False,False,False,False,False,True,False,False,False,False,False,False,False,0,0.024378872,Low,Normal Retention Program
28,995,9,3,1,930,3,77,3,1,3,2377,9834,5,18,3,2,80,1,6,2,3,2,2,2,2,792.3333333333334,0.06896551724137931,3,0.20689655172413793,False,True,True,False,False,False,True,False,False,False,False,False,False,False,False,True,False,False,False,False,False,0,0.059960444,Low,Normal Retention Program
39,492,12,3,1,1654,4,66,3,2,2,5295,7693,4,21,4,3,80,0,7,3,3,5,4,1,0,882.5,0.125,2,0.175,False,True,True,False,False,False,True,False,False,True,False,False,False,True,False,False,False,False,True,False,False,0,0.110630006,Low,Normal Retention Program
37,1040,2,2,1,139,3,100,2,2,4,5163,15850,5,14,3,4,80,1,17,2,4,1,0,0,0,2581.5,0.02631578947368421,4,0.4473684210526316,False,False,True,False,True,False,False,False,False,True,False,False,False,False,False,False,False,False,False,False,False,0,0.01608,Low,Normal Retention Program
41,857,10,3,1,199,4,91,2,4,1,17181,12888,4,13,3,2,80,1,21,2,2,7,6,7,7,2147.625,0.16666666666666666,1,0.5,True,False,True,False,True,False,False,False,False,True,False,False,True,False,False,False,False,False,False,False,False,0,0.034624442,Low,Normal Retention Program
25,882,19,1,1,1358,4,67,3,1,4,3669,9075,3,11,3,3,80,3,7,6,2,3,2,1,2,917.25,0.11538461538461539,4,0.2692307692307692,False,True,True,False,False,False,True,False,False,True,False,True,False,False,False,False,False,False,True,False,False,0,0.06550029,Low,Normal Retention Program
26,1384,3,4,1,1177,1,82,4,1,4,4420,13421,1,22,4,2,80,1,8,2,3,8,7,0,7,491.1111111111111,0.2962962962962963,4,0.2962962962962963,False,True,True,False,False,False,True,False,False,True,False,True,False,False,False,False,False,False,True,False,False,0,0.03538642,Low,Normal Retention Program
21,1427,18,1,1,923,4,65,3,1,4,2693,8870,1,19,3,1,80,0,1,3,2,1,0,0,0,1346.5,0.045454545454545456,4,0.045454545454545456,False,True,True,False,False,False,False,True,False,False,False,False,False,False,False,True,False,False,False,True,False,1,0.33872753,Medium,Monitor Employee
26,474,3,3,1,1581,1,89,3,1,4,2061,11133,1,21,4,1,80,0,1,5,3,1,0,0,0,1030.5,0.037037037037037035,4,0.037037037037037035,False,True,True,False,True,False,False,False,False,False,False,False,False,False,False,True,False,False,True,False,False,0,0.30282295,Medium,Monitor Employee
53,607,2,5,1,1572,3,78,2,3,4,10169,14618,0,16,3,2,80,1,34,4,3,33,7,1,9,299.0882352941176,0.6111111111111112,4,0.6296296296296297,False,True,True,False,False,False,False,False,True,False,False,False,False,True,False,False,False,False,True,False,False,1,0.009887429,Low,Normal Retention Program
22,534,15,3,1,144,2,59,3,1,4,2871,23785,1,15,3,3,80,0,1,5,3,0,0,0,0,2871.0,0.0,4,0.043478260869565216,False,True,True,False,False,False,True,False,False,False,False,True,False,False,False,False,False,False,False,True,False,0,0.44927964,Medium,Monitor Employee
29,1252,23,2,1,824,3,81,4,1,3,2700,23779,1,24,4,3,80,1,10,3,3,10,7,0,7,245.45454545454547,0.3333333333333333,3,0.3333333333333333,False,True,True,False,True,False,False,False,False,True,False,False,False,False,False,True,False,False,True,False,False,0,0.011863228,Low,Normal Retention Program
35,185,23,4,1,1826,2,91,1,1,3,2705,9696,0,16,3,2,80,1,6,2,4,5,4,0,3,450.8333333333333,0.1388888888888889,3,0.16666666666666666,False,True,True,False,False,False,True,False,False,True,False,True,False,False,False,False,False,False,True,False,False,0,0.074001186,Low,Normal Retention Program
34,470,2,4,1,339,4,84,2,2,1,5957,23687,6,13,3,2,80,1,13,3,3,11,9,5,9,496.4166666666667,0.3142857142857143,1,0.37142857142857144,False,True,True,False,True,False,False,False,False,True,False,False,False,True,False,False,False,False,True,False,False,0,0.038347956,Low,Normal Retention Program
25,583,4,1,1,885,3,87,2,2,1,4256,18154,1,12,3,1,80,0,5,1,4,5,2,0,3,709.3333333333334,0.19230769230769232,1,0.19230769230769232,False,True,False,True,False,True,False,False,False,True,False,False,False,False,False,False,True,False,True,False,False,0,0.15793915,Low,Normal Retention Program
58,289,2,3,1,977,4,51,3,1,3,2479,26227,4,24,4,1,80,0,7,4,3,1,0,0,0,1239.5,0.01694915254237288,3,0.11864406779661017,False,True,True,False,False,False,False,False,True,True,False,False,False,False,False,True,False,False,False,True,False,1,0.04928343,Low,Normal Retention Program
32,334,5,2,1,21,1,80,4,1,2,3298,15053,0,12,3,4,80,2,7,5,2,6,2,0,5,471.14285714285717,0.18181818181818182,3,0.21212121212121213,False,True,True,False,True,False,False,False,False,True,False,False,False,False,False,True,False,False,False,False,True,0,0.04360749,Low,Normal Retention Program
35,809,16,3,1,14,1,84,4,1,2,2426,16479,0,13,3,3,80,1,6,5,3,5,4,0,3,404.3333333333333,0.1388888888888889,2,0.16666666666666666,False,True,True,False,False,False,True,False,False,True,False,True,False,False,False,False,False,False,True,False,False,0,0.029446315,Low,Normal Retention Program
42,933,29,3,1,836,2,98,3,2,2,4434,11806,1,13,3,4,80,1,10,3,2,9,8,7,8,443.4,0.20930232558139536,2,0.23255813953488372,False,True,True,False,True,False,False,False,False,True,False,False,False,True,False,False,False,False,True,False,False,0,0.0185338,Low,Normal Retention Program
32,515,1,3,1,331,4,62,2,1,3,3730,9571,0,14,3,4,80,0,4,2,1,3,2,1,2,932.5,0.09090909090909091,4,0.12121212121212122,False,True,True,False,True,False,False,False,False,True,False,True,False,False,False,False,False,False,False,True,True,1,0.2460601,Low,Normal Retention Program
37,1141,11,2,1,1033,1,61,1,2,2,4777,14382,5,15,3,1,80,0,15,2,1,1,0,0,0,2388.5,0.02631578947368421,2,0.39473684210526316,False,True,True,False,False,False,True,False,False,False,False,False,False,False,False,False,False,False,True,False,False,1,0.51970553,Medium,Monitor Employee
36,928,1,2,1,857,2,56,3,2,4,6201,2823,1,14,3,4,80,1,18,1,2,18,14,4,11,326.36842105263156,0.4864864864864865,5,0.4864864864864865,False,True,False,True,True,False,False,False,False,True,False,False,False,False,False,False,True,False,True,False,True,0,0.02809982,Low,Normal Retention Program
31,1125,1,3,1,1956,4,48,1,2,1,5003,5771,1,21,4,2,80,0,10,6,3,10,8,8,7,454.8181818181818,0.3125,1,0.3125,True,False,True,False,True,False,False,False,False,True,False,False,False,False,False,True,False,False,True,False,False,0,0.13185516,Low,Normal Retention Program
28,1181,1,3,1,1799,3,82,3,1,4,2044,5531,1,11,3,3,80,1,5,6,4,5,3,0,3,340.6666666666667,0.1724137931034483,4,0.1724137931034483,False,True,True,False,True,False,False,False,False,True,False,False,False,False,False,True,False,False,True,False,False,0,0.019700378,Low,Normal Retention Program
41,334,2,4,1,410,4,88,3,4,2,16015,15896,1,19,3,2,80,0,22,2,3,22,10,0,4,696.304347826087,0.5238095238095238,2,0.5238095238095238,False,True,False,True,True,False,False,False,False,True,False,False,True,False,False,False,False,False,False,True,False,0,0.023752641,Low,Normal Retention Program
40,299,25,4,1,1318,4,57,2,3,2,9094,17235,2,12,3,3,80,0,9,2,3,5,4,1,0,1515.6666666666667,0.12195121951219512,3,0.21951219512195122,False,True,False,True,False,True,False,False,False,True,False,False,False,False,False,False,True,False,False,True,True,1,0.6023347,Medium,Monitor Employee
33,1075,3,2,1,910,4,57,3,1,2,2277,22650,3,11,3,3,80,1,7,4,4,4,3,0,3,455.4,0.11764705882352941,3,0.20588235294117646,False,True,False,False,False,False,False,False,False,True,True,False,False,False,False,False,False,False,False,False,True,0,0.18306062,Low,Normal Retention Program
32,976,26,4,1,333,3,100,3,2,4,4465,12069,0,18,3,1,80,0,4,2,3,3,2,2,2,1116.25,0.09090909090909091,4,0.12121212121212122,False,False,False,True,False,True,False,False,False,True,False,False,False,False,False,False,True,False,True,False,False,0,0.07969524,Low,Normal Retention Program
38,1321,1,4,1,1995,4,86,3,2,2,4440,7636,0,15,3,1,80,2,16,3,3,15,13,5,8,277.5,0.38461538461538464,2,0.41025641025641024,False,True,False,True,True,False,False,False,False,True,False,False,False,False,False,False,True,False,True,False,False,0,0.014594547,Low,Normal Retention Program
35,1180,2,2,1,1804,2,90,3,2,4,5762,24442,2,14,3,3,80,1,15,6,3,7,7,1,7,720.25,0.19444444444444445,4,0.4166666666666667,False,False,True,False,False,False,True,False,False,True,False,False,False,True,False,False,False,False,False,False,False,0,0.0055650487,Low,Normal Retention Program
43,574,11,3,1,1971,1,30,3,3,3,7510,16873,1,17,3,2,80,1,10,1,3,10,9,0,9,682.7272727272727,0.22727272727272727,3,0.22727272727272727,False,True,True,False,True,False,False,False,False,True,False,False,False,False,False,False,False,False,True,False,False,0,0.046690043,Low,Normal Retention Program
46,706,2,2,1,1857,4,82,3,3,4,8578,19989,3,14,3,3,80,1,12,4,2,9,8,4,7,857.8,0.19148936170212766,4,0.2553191489361702,False,True,True,False,True,False,False,False,False,True,False,False,False,True,False,False,False,False,False,False,False,0,0.020811286,Low,Normal Retention Program
34,1375,10,3,1,1774,4,87,3,2,3,4001,12313,1,14,3,3,80,1,15,3,3,15,14,0,7,250.0625,0.42857142857142855,4,0.42857142857142855,False,False,False,True,True,False,False,False,False,True,False,False,False,False,False,False,True,False,False,False,True,0,0.028824717,Low,Normal Retention Program
49,1023,2,3,1,2065,4,63,2,2,2,5390,13243,2,14,3,4,80,0,17,3,2,9,6,0,8,539.0,0.18,2,0.34,True,False,False,True,False,False,True,False,False,True,False,False,False,False,False,False,True,False,True,False,False,0,0.038061194,Low,Normal Retention Program
32,120,6,5,1,231,3,43,3,1,3,3038,12430,3,20,4,1,80,0,8,2,3,5,4,1,4,506.3333333333333,0.15151515151515152,3,0.24242424242424243,False,True,True,False,True,False,False,False,False,True,False,False,False,False,False,True,False,False,False,True,False,0,0.03534982,Low,Normal Retention Program
45,1297,1,4,1,1922,2,44,3,2,3,5399,14511,4,12,3,3,80,0,12,3,3,4,2,0,3,1079.8,0.08695652173913043,3,0.2608695652173913,True,False,True,False,False,False,True,False,False,True,False,False,False,False,False,False,False,False,False,True,False,0,0.0223838,Low,Normal Retention Program
29,590,4,3,1,1762,4,91,2,1,1,2109,10007,1,13,3,3,80,1,1,2,3,1,0,0,0,1054.5,0.03333333333333333,1,0.03333333333333333,False,True,True,False,False,False,False,False,True,False,False,False,False,False,False,True,False,False,False,False,False,0,0.15195058,Low,Normal Retention Program
36,1351,9,4,1,1949,1,66,4,1,2,2810,9238,1,22,4,2,80,0,5,3,3,5,4,0,2,468.3333333333333,0.13513513513513514,2,0.13513513513513514,False,False,True,False,True,False,False,False,False,True,False,True,False,False,False,False,False,False,True,False,False,0,0.13756752,Low,Normal Retention Program
35,1225,2,4,1,771,4,61,3,2,1,5093,4761,2,11,3,1,80,1,16,2,4,1,0,0,0,2546.5,0.027777777777777776,1,0.4444444444444444,False,False,True,False,True,False,False,False,False,False,False,False,False,False,False,False,False,False,False,False,False,0,0.045731045,Low,Normal Retention Program
22,1256,3,4,1,1203,3,48,2,1,4,2853,4223,0,11,3,2,80,1,1,5,3,0,0,0,0,2853.0,0.0,5,0.043478260869565216,True,False,True,False,True,False,False,False,False,True,False,False,False,False,False,True,False,False,True,False,True,1,0.15065855,Low,Normal Retention Program
37,799,1,3,1,623,2,59,3,3,4,7491,23848,4,17,3,4,80,0,12,3,4,6,5,1,2,1070.142857142857,0.15789473684210525,4,0.3157894736842105,False,True,True,False,False,False,False,False,True,False,False,False,False,True,False,False,False,False,False,True,False,0,0.01817049,Low,Normal Retention Program
23,1309,26,1,1,465,3,83,3,1,4,2904,16092,1,12,3,3,80,2,4,2,2,4,2,0,2,580.8,0.16666666666666666,4,0.16666666666666666,False,True,True,False,True,False,False,False,False,True,False,False,False,False,False,True,False,False,False,False,False,0,0.009153629,Low,Normal Retention Program
21,1343,22,1,1,669,3,49,3,1,3,3447,24444,1,11,3,3,80,0,3,2,3,3,2,1,2,861.75,0.13636363636363635,3,0.13636363636363635,False,True,False,True,False,False,False,False,True,True,False,False,False,False,False,False,False,True,False,True,False,0,0.24427772,Low,Normal Retention Program
56,1240,9,3,1,1071,1,63,3,1,3,2942,12154,2,19,3,2,80,1,18,4,3,5,4,0,3,490.3333333333333,0.08771929824561403,3,0.3157894736842105,True,False,True,False,False,False,True,False,False,False,False,False,False,False,False,True,False,False,True,False,False,0,0.02117845,Low,Normal Retention Program
51,541,2,3,1,1391,2,52,3,3,2,10596,15395,2,11,3,2,80,0,14,5,3,4,2,3,2,2119.2,0.07692307692307693,2,0.2692307692307692,True,False,False,True,False,True,False,False,False,True,False,False,False,False,False,False,True,False,True,False,False,0,0.12899256,Low,Normal Retention Program
29,906,10,3,1,994,4,92,2,1,1,2404,11479,6,20,4,3,80,0,3,5,3,0,0,0,0,2404.0,0.0,2,0.1,False,True,True,False,True,False,False,False,False,False,False,False,False,False,False,True,False,False,False,True,True,1,0.82759804,High,Immediate HR Intervention
50,804,9,3,1,1030,1,64,3,1,4,2380,20165,4,18,3,2,80,0,8,5,3,1,0,0,0,1190.0,0.0196078431372549,4,0.1568627450980392,False,True,True,False,True,False,False,False,False,True,False,True,False,False,False,False,False,False,True,False,False,0,0.26682267,Low,Normal Retention Program
26,703,28,2,1,641,1,66,3,2,2,6272,7428,1,20,4,4,80,2,6,5,4,5,3,1,4,1045.3333333333333,0.18518518518518517,2,0.2222222222222222,False,True,False,True,False,True,False,False,False,True,False,False,False,False,False,False,True,False,True,False,False,0,0.08727122,Low,Normal Retention Program
39,672,7,2,1,444,3,54,2,5,4,19272,21141,1,15,3,1,80,1,21,2,3,21,9,13,3,876.0,0.525,4,0.525,True,False,True,False,False,False,True,False,False,True,False,False,True,False,False,False,False,False,True,False,False,0,0.03336533,Low,Normal Retention Program
49,722,25,4,1,1617,3,84,3,1,1,3211,22102,1,14,3,4,80,1,10,3,2,9,6,1,4,321.1,0.18,1,0.2,False,True,True,False,True,False,False,False,False,False,False,True,False,False,False,False,False,False,True,False,False,0,0.037371755,Low,Normal Retention Program
29,718,8,1,1,1150,2,79,2,2,4,5056,17689,1,15,3,3,80,1,10,2,2,10,7,1,2,459.6363636363636,0.3333333333333333,5,0.3333333333333333,False,True,True,False,False,False,True,False,False,True,False,False,False,True,False,False,False,False,True,False,True,0,0.032789946,Low,Normal Retention Program
32,529,2,3,1,2038,4,78,3,1,1,2439,11288,1,14,3,4,80,0,4,4,3,4,2,1,2,487.8,0.12121212121212122,1,0.12121212121212122,False,True,True,False,False,False,False,False,True,True,False,False,False,False,False,True,False,False,False,True,False,0,0.028685043,Low,Normal Retention Program
30,1092,10,3,1,1816,1,64,3,3,3,9667,2739,9,14,3,2,80,0,9,3,3,7,7,0,2,1208.375,0.22580645161290322,3,0.2903225806451613,False,True,True,False,False,False,True,False,False,False,False,False,False,True,False,False,False,False,False,True,False,0,0.27369195,Low,Normal Retention Program
27,1240,2,4,1,54,4,33,3,1,1,2341,19715,1,13,3,4,80,1,1,6,3,1,0,0,0,1170.5,0.03571428571428571,1,0.03571428571428571,False,True,True,False,True,False,False,False,False,False,False,True,False,False,False,False,False,False,False,False,False,0,0.2669119,Low,Normal Retention Program
34,937,1,3,1,1950,1,32,3,3,4,9888,6770,1,21,4,1,80,0,14,3,2,14,8,2,1,659.2,0.4,4,0.4,False,True,False,True,False,True,False,False,False,True,False,False,False,False,False,False,True,False,False,True,False,0,0.13638918,Low,Normal Retention Program
43,920,3,3,1,1255,3,96,1,5,4,19740,18625,3,14,3,2,80,1,25,2,3,8,7,0,7,2193.3333333333335,0.18181818181818182,4,0.5681818181818182,False,True,True,False,True,False,False,False,False,True,False,False,False,False,True,False,False,False,True,False,False,0,0.00963141,Low,Normal Retention Program
33,603,9,4,1,1157,1,77,3,2,1,8224,18385,0,17,3,1,80,0,6,3,3,5,2,0,3,1370.6666666666667,0.14705882352941177,2,0.17647058823529413,False,True,False,True,False,True,False,False,False,False,False,False,False,False,False,False,True,False,False,True,True,1,0.64791685,Medium,Monitor Employee
31,793,20,3,1,1135,3,67,4,1,4,2791,21981,0,12,3,1,80,1,3,4,3,2,2,2,2,930.3333333333334,0.0625,4,0.09375,True,False,False,True,True,False,False,False,False,True,False,False,False,False,False,False,False,True,True,False,False,0,0.24983819,Low,Normal Retention Program
43,244,2,3,1,1778,2,97,3,1,4,3539,5033,0,13,3,2,80,0,10,5,3,9,7,1,8,353.9,0.20454545454545456,4,0.22727272727272727,False,True,False,False,True,False,False,False,False,True,True,False,False,False,False,False,False,False,False,True,False,0,0.021576637,Low,Normal Retention Program
44,170,1,4,1,1903,2,78,4,2,1,5033,9364,2,15,3,4,80,1,10,5,3,2,0,2,2,1677.6666666666667,0.044444444444444446,1,0.2222222222222222,False,True,True,False,True,False,False,False,False,True,False,False,False,False,False,False,False,False,True,False,False,0,0.0124343205,Low,Normal Retention Program
36,1456,13,5,1,1733,2,96,2,2,1,6134,8658,5,13,3,2,80,3,16,3,3,2,2,2,2,2044.6666666666667,0.05405405405405406,2,0.43243243243243246,False,True,False,True,False,True,False,False,False,True,False,False,False,False,False,False,True,False,False,False,True,1,0.3271962,Medium,Monitor Employee
56,1255,1,2,1,1441,1,90,3,1,1,2066,10494,2,22,4,4,80,1,5,3,4,3,2,1,0,516.5,0.05263157894736842,1,0.08771929824561403,False,True,True,False,True,False,False,False,False,False,False,False,False,False,False,True,False,False,True,False,False,0,0.05258832,Low,Normal Retention Program
37,1372,1,3,1,391,4,42,3,1,4,2115,15881,1,12,3,2,80,0,17,3,3,17,12,5,7,117.5,0.4473684210526316,4,0.4473684210526316,False,True,True,False,True,False,False,False,False,False,False,False,False,False,False,True,False,False,False,True,False,0,0.01239229,Low,Normal Retention Program
